{
  "messages": [
    {
      "level": "TRÈS SUBTIL",
      "message": "cherche compagnie pour ce soir",
      "openai_sexual_score": 0.002944745327012609,
      "openai_sexual_flag": false,
      "openai_score_10": 0.029447453270126094,
      "keywords_score": 0.0,
      "final_score": 0.029447453270126094,
      "detected": false,
      "openai_categories": {
        "sexual": 0.002944745327012609,
        "sexual_minors": 3.1015598671268335e-05,
        "harassment": 3.625900662832244e-05,
        "hate": 2.653023768982879e-05,
        "self_harm": 0.0004964288868690976,
        "violence": 0.0005372613854410962,
        "violence_graphic": 4.832563818725537e-06
      },
      "openai_flags": {
        "sexual": false,
        "sexual_minors": false,
        "harassment": false,
        "hate": false,
        "self_harm": false,
        "violence": false,
        "violence_graphic": false
      }
    },
    {
      "level": "TRÈS SUBTIL",
      "message": "envie de faire de nouvelles rencontres",
      "openai_sexual_score": 0.0030080612419204488,
      "openai_sexual_flag": false,
      "openai_score_10": 0.030080612419204487,
      "keywords_score": 0.0,
      "final_score": 0.029863021744691264,
      "detected": false,
      "openai_categories": {
        "sexual": 0.0030080612419204488,
        "sexual_minors": 3.8596609058077356e-05,
        "harassment": 1.3982207564732913e-05,
        "hate": 1.2339457598623173e-05,
        "self_harm": 1.0310211970688582e-05,
        "violence": 1.3982207564732913e-05,
        "violence_graphic": 1.7231572752142392e-06
      },
      "openai_flags": {
        "sexual": false,
        "sexual_minors": false,
        "harassment": false,
        "hate": false,
        "self_harm": false,
        "violence": false,
        "violence_graphic": false
      }
    },
    {
      "level": "TRÈS SUBTIL",
      "message": "qui pour discuter en privé?",
      "openai_sexual_score": 0.00017546144100994869,
      "openai_sexual_flag": false,
      "openai_score_10": 0.0017546144100994867,
      "keywords_score": 0.0,
      "final_score": 0.0017546144100994867,
      "detected": false,
      "openai_categories": {
        "sexual": 0.00017546144100994869,
        "sexual_minors": 1.3765463368900109e-05,
        "harassment": 4.173157606777201e-05,
        "hate": 1.3982207564732913e-05,
        "self_harm": 1.0150383174795513e-05,
        "violence": 0.0004914519521959942,
        "violence_graphic": 2.355261854303796e-06
      },
      "openai_flags": {
        "sexual": false,
        "sexual_minors": false,
        "harassment": false,
        "hate": false,
        "self_harm": false,
        "violence": false,
        "violence_graphic": false
      }
    },
    {
      "level": "LÉGÈREMENT SUGGESTIF",
      "message": "cherche contact féminin pour sortir",
      "openai_sexual_score": 0.010197563316236873,
      "openai_sexual_flag": false,
      "openai_score_10": 0.10197563316236874,
      "keywords_score": 0.0,
      "final_score": 0.10238988609384374,
      "detected": false,
      "openai_categories": {
        "sexual": 0.010197563316236873,
        "sexual_minors": 3.8596609058077356e-05,
        "harassment": 0.0005423362846882929,
        "hate": 0.00012843081201339694,
        "self_harm": 0.0004682423007537106,
        "violence": 0.0005256379073836972,
        "violence_graphic": 3.944258675190877e-06
      },
      "openai_flags": {
        "sexual": false,
        "sexual_minors": false,
        "harassment": false,
        "hate": false,
        "self_harm": false,
        "violence": false,
        "violence_graphic": false
      }
    },
    {
      "level": "LÉGÈREMENT SUGGESTIF",
      "message": "ça te dit qu'on se rencontre?",
      "openai_sexual_score": 0.00012448433020883747,
      "openai_sexual_flag": false,
      "openai_score_10": 0.0012448433020883747,
      "keywords_score": 0.0,
      "final_score": 0.0012448433020883747,
      "detected": false,
      "openai_categories": {
        "sexual": 0.00012448433020883747,
        "sexual_minors": 8.888084683809127e-06,
        "harassment": 0.0006432446275116634,
        "hate": 2.913700606794303e-05,
        "self_harm": 0.0004804291020575482,
        "violence": 0.0005508471799444582,
        "violence_graphic": 3.2192334497037803e-06
      },
      "openai_flags": {
        "sexual": false,
        "sexual_minors": false,
        "harassment": false,
        "hate": false,
        "self_harm": false,
        "violence": false,
        "violence_graphic": false
      }
    },
    {
      "level": "LÉGÈREMENT SUGGESTIF",
      "message": "j'aimerais te connaître mieux",
      "openai_sexual_score": 6.771942330385674e-05,
      "openai_sexual_flag": false,
      "openai_score_10": 0.0006771942330385674,
      "keywords_score": 7.0,
      "final_score": 7.0,
      "detected": true,
      "openai_categories": {
        "sexual": 6.771942330385674e-05,
        "sexual_minors": 2.627477314480822e-06,
        "harassment": 1.4653129390717958e-05,
        "hate": 2.88571183887091e-06,
        "self_harm": 6.868318245725359e-06,
        "violence": 1.535623976496012e-05,
        "violence_graphic": 4.78509449489012e-07
      },
      "openai_flags": {
        "sexual": false,
        "sexual_minors": false,
        "harassment": false,
        "hate": false,
        "self_harm": false,
        "violence": false,
        "violence_graphic": false
      }
    },
    {
      "level": "SUGGESTIF FRANÇAIS",
      "message": "genre d'actif du 59 dispo",
      "openai_sexual_score": 2.0342697805520655e-05,
      "openai_sexual_flag": false,
      "openai_score_10": 0.00020342697805520655,
      "keywords_score": 9.3,
      "final_score": 9.3,
      "detected": true,
      "openai_categories": {
        "sexual": 2.0342697805520655e-05,
        "sexual_minors": 1.1478768127080353e-06,
        "harassment": 6.144174602214718e-07,
        "hate": 5.093705003229987e-07,
        "self_harm": 4.157364752513335e-07,
        "violence": 1.0783312222985275e-06,
        "violence_graphic": 7.411279871974134e-07
      },
      "openai_flags": {
        "sexual": false,
        "sexual_minors": false,
        "harassment": false,
        "hate": false,
        "self_harm": false,
        "violence": false,
        "violence_graphic": false
      }
    },
    {
      "level": "SUGGESTIF FRANÇAIS",
      "message": "cherche plan sympa ce soir",
      "openai_sexual_score": 0.00016484829418512883,
      "openai_sexual_flag": false,
      "openai_score_10": 0.0016484829418512883,
      "keywords_score": 0.0,
      "final_score": 0.0016484829418512883,
      "detected": false,
      "openai_categories": {
        "sexual": 0.00016484829418512883,
        "sexual_minors": 1.8522574326531083e-05,
        "harassment": 4.8785712278226595e-05,
        "hate": 3.799845147518645e-05,
        "self_harm": 0.0005021541018921009,
        "violence": 0.0005360157526065469,
        "violence_graphic": 5.649793328376294e-06
      },
      "openai_flags": {
        "sexual": false,
        "sexual_minors": false,
        "harassment": false,
        "hate": false,
        "self_harm": false,
        "violence": false,
        "violence_graphic": false
      }
    },
    {
      "level": "SUGGESTIF FRANÇAIS",
      "message": "mp moi si ça t'intéresse",
      "openai_sexual_score": 0.019341398102757146,
      "openai_sexual_flag": false,
      "openai_score_10": 0.19341398102757146,
      "keywords_score": 7.0,
      "final_score": 7.0,
      "detected": true,
      "openai_categories": {
        "sexual": 0.019341398102757146,
        "sexual_minors": 5.27478412523148e-05,
        "harassment": 0.0005710905434472917,
        "hate": 4.802972318863164e-05,
        "self_harm": 0.0004709032361132395,
        "violence": 0.0005584771959849743,
        "violence_graphic": 1.15919343186331e-05
      },
      "openai_flags": {
        "sexual": false,
        "sexual_minors": false,